Cooper,Steven,math 140-500
Cox,Ashley,math140-512
Thomas,Daniel,math 140-500
Lee,Jennifer,math 140-503
Collins,Charles,math 140-500
Hill,James,math140-512
Lee,James,math 140-500
Roberts,Mohammed,math 140-500
Ramirez,Sandra,math 140-503
Smith,Nancy,math140-512
Stewart,Ivan,math 140-500
Carter,Priya,math 140-500
Watson,Karen,math140-512
Collins,Andrew,math 140-500
Richardson,Daniel,math 140-503
Cox,Linda,math140-512
Phillips,Daniel,math 140-503
Scott,Nancy,math 140-500
Murphy,Steven,math 140-503
Morris,Amanda,math140-512
Allen,Pamela,math140-512
Taylor,Wei,math140-512
Gonzalez,Ryan,math140-512
Harris,Stephanie,math 140-500
Brooks,Jessica,math 140-503
Green,Emily,math140-512
Phillips,Thomas,math 140-503
Lopez,Jennifer,math 140-503
Thompson,Benjamin,math 140-500
Lewis,Steven,math 140-500
Allen,Larry,math 140-503
Stewart,Diego,math 140-500
Cruz,Thomas,math 140-503
Brown,David,math 140-503
Phillips,Susan,math140-512
Torres,Amy,math140-512
Reed,Brian,math 140-503
Evans,Debra,math140-512
Clark,Kenneth,math 140-503
Brown,Eric,math 140-503
Sanchez,Andrew,math 140-503
Collins,Rebecca,math 140-503
Chavez,Anna,math 140-503
Morgan,Wei,math 140-503
Hill,Deborah,math 140-503
Diaz,Steven,math 140-500
Gray,Nancy,math140-512
Brown,Rebecca,math 140-500
Hill,Emma,math 140-500
Taylor,Steven,math 140-500
Mitchell,Barbara,math 140-503
Ortiz,Sharon,math140-512
Morales,Diego,math140-512
Anderson,Joseph,math 140-503
Howard,Linda,math 140-503
Ortiz,Richard,math 140-500
Edwards,Mohammed,math140-512
Young,Rebecca,math 140-500
Gomez,Kimberly,math 140-500
Lewis,Timothy,math 140-503
Stewart,Stephen,math 140-503
White,Thomas,math 140-503
Campbell,Stephanie,math140-512
King,Brandon,math140-512
King,David,math 140-503
Chavez,George,math 140-503
Ramirez,Nicholas,math 140-503
Gutierrez,Kimberly,math 140-503
Ruiz,Paul,math140-512
Brown,Donna,math 140-503
Rivera,Sandra,math140-512
Roberts,Donald,math140-512
Hughes,Nicole,math 140-500
Miller,Nicholas,math 140-500
Clark,Stephen,math 140-500
King,Daniel,math 140-500
Nguyen,Brenda,math 140-500
Harris,John,math 140-500
Brown,Nancy,math 140-503
Evans,Elena,math140-512
Ward,Edward,math 140-503
Lopez,Joshua,math 140-500
Martin,Charles,math140-512
Taylor,Larry,math 140-503
Walker,Emma,math 140-500
